<?xml version="1.0" encoding="UTF-8"?>
<project-private xmlns="http://www.netbeans.org/ns/project-private/1">
    <editor-bookmarks xmlns="http://www.netbeans.org/ns/editor-bookmarks/2" lastBookmarkId="0"/>
    <open-files xmlns="http://www.netbeans.org/ns/projectui-open-files/2">
        <group>
            <file>file:/C:/Users/fical/OneDrive/Documentos/NetBeansProjects/PredictorAdmision/src/com/predictor/main/PredictorApp.java</file>
            <file>file:/C:/Users/fical/OneDrive/Documentos/NetBeansProjects/PredictorAdmision/src/com/predictor/main/Puntaje.java</file>
            <file>file:/C:/Users/fical/OneDrive/Documentos/NetBeansProjects/PredictorAdmision/src/com/predictor/main/PuntajeCL.java</file>
            <file>file:/C:/Users/fical/OneDrive/Documentos/NetBeansProjects/PredictorAdmision/src/com/predictor/main/PuntajeM1.java</file>
            <file>file:/C:/Users/fical/OneDrive/Documentos/NetBeansProjects/PredictorAdmision/src/com/predictor/main/PuntajeM2.java</file>
            <file>file:/C:/Users/fical/OneDrive/Documentos/NetBeansProjects/PredictorAdmision/src/com/predictor/main/PuntajeCiencias.java</file>
            <file>file:/C:/Users/fical/OneDrive/Documentos/NetBeansProjects/PredictorAdmision/src/com/predictor/main/PuntajeNEM.java</file>
            <file>file:/C:/Users/fical/OneDrive/Documentos/NetBeansProjects/PredictorAdmision/src/com/predictor/main/PuntajeRanking.java</file>
            <file>file:/C:/Users/fical/OneDrive/Documentos/NetBeansProjects/PredictorAdmision/src/com/predictor/main/SetPuntajes.java</file>
            <file>file:/C:/Users/fical/OneDrive/Documentos/NetBeansProjects/PredictorAdmision/src/com/predictor/main/Postulante.java</file>
            <file>file:/C:/Users/fical/OneDrive/Documentos/NetBeansProjects/PredictorAdmision/src/com/predictor/main/Carrera.java</file>
            <file>file:/C:/Users/fical/OneDrive/Documentos/NetBeansProjects/PredictorAdmision/src/com/predictor/main/Ingenieria.java</file>
            <file>file:/C:/Users/fical/OneDrive/Documentos/NetBeansProjects/PredictorAdmision/src/com/predictor/main/Derecho.java</file>
            <file>file:/C:/Users/fical/OneDrive/Documentos/NetBeansProjects/PredictorAdmision/src/com/predictor/main/Medicina.java</file>
            <file>file:/C:/Users/fical/OneDrive/Documentos/NetBeansProjects/PredictorAdmision/src/com/predictor/main/LectorDatosSimulados.java</file>
            <file>file:/C:/Users/fical/OneDrive/Documentos/NetBeansProjects/PredictorAdmision/src/com/predictor/main/EntradaUsuario.java</file>
            <file>file:/C:/Users/fical/OneDrive/Documentos/NetBeansProjects/PredictorAdmision/src/com/predictor/main/CalculadoraPuntajes.java</file>
            <file>file:/C:/Users/fical/OneDrive/Documentos/NetBeansProjects/PredictorAdmision/src/com/predictor/main/SistemaDeAdmision.java</file>
            <file>file:/C:/Users/fical/OneDrive/Documentos/NetBeansProjects/PredictorAdmision/src/com/predictor/main/ReporteFinal.java</file>
        </group>
    </open-files>
</project-private>
